1,小学生/算数/小1さんすう
2,小学生/算数/小2算数
3,小学生/算数/小3算数
4,小学生/算数/小4基礎算数
5,小学生/算数/小4受験算数
6,小学生/算数/小5基礎算数
7,小学生/算数/小5受験算数
8,小学生/算数/小6基礎算数
9,小学生/算数/小6受験算数
10,小学生/理科/小4受験理科
11,小学生/理科/小5受験理科
12,小学生/理科/小6受験理科
13,小学生/社会/小4受験社会
14,小学生/社会/受験社会小5
15,小学生/社会/小6受験社会
16,中学生/理科/中1理科
17,中学生/理科/中2理科
18,中学生/理科/中3理科
19,中学生/理科/MJ中学理科のまとめ
20,中学生/英語/中1受験英語
21,中学生/英語/中2受験英語
22,中学生/英語/中3受験英語
23,中学生/社会/中1地理
24,中学生/社会/中2歴史
25,中学生/社会/中3社会
26,中学生/数学/中1基礎数学
27,中学生/数学/中1数学
28,中学生/数学/中2基礎数学
29,中学生/数学/中2数学
30,中学生/数学/中3基礎数学
31,中学生/数学/中3数学
32,高校生/英語/高校基礎英語Ⅰ
33,高校生/英語/高校基礎英語Ⅱ
34,高校生/英語/高校標準英語Ⅰ
35,高校生/英語/高校標準英語Ⅱ
36,高校生/英語/高校標準英語構文
37,高校生/英語/高校標準英文法総合
38,高校生/国語/高校小論文
39,高校生/国語/高校漢文
40,高校生/国語/高校古文Ⅰ
41,高校生/国語/高校古文Ⅱ
42,高校生/国語/高校古文Ⅲ文法編
43,高校生/国語/高校古文Ⅲ読解編
44,高校生/数学/高校基礎数学Ⅰ
45,高校生/数学/高校基礎数学Ⅱ
46,高校生/数学/高校基礎数学A
47,高校生/数学/高校基礎数学B
48,高校生/数学/高校標準数I
49,高校生/数学/高校標準数学Ⅱ
50,高校生/数学/高校標準数学Ⅲ
51,高校生/数学/高校標準数A
52,高校生/数学/高校標準数学B
53,高校生/数学/高校標準数学C
54,高校生/数学/高校標準数学総合本文
