book_number,book_title
1,読売ワークシート
2,小1こくご(ことばとぶん)
3,小2こくご(ことばと文)
4,小3国語(こくご)
5,小4国語
6,小4受験(じゅけん)国語
7,小5受験国語
8,小6受験国語
9,小5国語ドリル(漢字と語句)
10,小6国語ドリル(漢字と語句)
11,小1さんすう
12,小2さんすう
13,小3算数(さんすう)
14,小4基礎（きそ）算数
15,小5基礎算数
16,小6基礎算数
17,小4受験(じゅけん)算数
18,小5受験算数
19,小6受験算数
20,小4受験(じゅけん)理科
21,小5受験理科
22,小6受験理科
23,小4受験(じゅけん)社会
24,小5受験社会
25,小6受験社会
26,中1国語
27,中2国語
28,中3国語
29,中1国語ドリル(漢字・語句)
30,中2国語ドリル(漢字・語句)
31,中3国語ドリル(漢字・語句)
32,中1基礎数学
33,中2基礎数学
34,中3基礎数学
35,中1標準数学
36,中2標準数学
37,中3標準数学
38,中1標準英語
39,中2標準英語
40,中3標準英語
41,中1標準理科
42,中2標準理科
43,中3標準理科
44,中学理科まとめ
45,中学社会(地理)
46,中学社会(歴史)
47,中3社会(公民・地理・歴史)
48,中学社会まとめ
49,高校小論文
50,高校古文Ⅰ
51,高校古文Ⅱ
52,高校古文Ⅲ文法編
53,高校古文Ⅲ読解編
54,高校漢文
55,高校基礎数学Ⅰ
56,高校基礎数学A
57,高校基礎数学Ⅱ
58,高校基礎数学B
59,高校基礎数学Ⅲ
60,高校基礎数学C
61,高校標準数学Ⅰ
62,高校標準数学A
63,高校標準数学Ⅱ
64,高校標準数学B
65,高校標準数学総合本文
66,高校基礎英語Ⅰ
67,高校基礎英語Ⅱ
68,高校標準英語Ⅰ
69,高校標準英語Ⅱ
70,高校標準英作文
71,高校標準英文法総合
72,高校標準英文解釈
73,高校標準英語構文
74,高校標準英語長文
